aahed,abaca,abaft,abase,abaya,abbey,abele,abide,ables,abohm,aboon,above,abuts,abysm,acerb,aches,acidy,ackee,acned,acold,acres,actin,acyls,addax,addle,adieu,adman,admix,adopt,adown,adunc,adzed,aedes,aerie,afire,afore,after,agape,agave,agent,aggie,agile,agism,aglee,aglow,agons,agree,ahead,ahull,aides,aimer,airer,airts,aiver,akees,alack,alane,alant,alate,alcid,alecs,alert,algal,algin,alias,alifs,aline,aliya,alkyl,alley,allow,almah,almes,aloes,aloin,aloof,altar,altos,alure,amain,amber,ambos,ameer,ament,amici,amids,amigo,amins,amity,amnic,amole,amour,amply,amuse,ancon,anele,angel,anglo,anile,anime,anise,ankus,annas,annul,anole,antae,antes,antra,anvil,apace,apeek,aphid,aping,apods,appel,apres,apsis,aquae,arame,arcus,areae,areca,arene,argal,argol,argue,arias,arise,armer,aroid,arpen,arris,arsis,artel,arval,asana,asdic,ashes,asker,askos,aspic,assay,aster,ataps,atlas,atoll,atone,atria,attic,audit,augur,aunty,aurar,aures,aurum,avail,avens,avgas,aviso,await,aware,awing,awols,axile,axiom,axled,axmen,ayahs,azide,azlon,azons,azuki,baals,babes,babul,backs,badge,baffy,bahts,baith,baize,bakes,baldy,bales,balls,balmy,banco,bandy,bangs,banns,barbs,bards,bares,baric,barms,barny,barye,baser,basil,basks,bassy,batch,bathe,baton,batty,bawds,bawty,bazar,beads,beaky,beano,bears,beaus,bebop,bedel,beech,beefy,beery,befog,beget,begum,beigy,belch,belle,belon,bemas,bends,benne,bento,bergs,berms,beryl,besom,betas,beton,bevor,bezil,bhuts,bibbs,bices,bider,bidis,biffs,biggy,bigos,biked,bikie,biles,bilks,bimah,binal,biner,bingo,biogs,biota,birch,birks,biros,birth,bison,bites,bitty,black,blahs,blams,blare,blate,blaws,blear,bleed,blent,blets,blind,blink,blite,blobs,blogs,blood,blots,blowy,bluer,bluey,blunt,blurt,board,boast,bocce,bocks,boffo,bogey,bogle,bohos,boink,bolar,boles,bolts,bombs,boner,bongo,bonne,bonze,boody,books,boons,booth,booze,boras,borer,borks,borts,bosks,boson,botas,bothy,boule,bourn,bouts,bowel,bowse,boxes,boyos,brach,braes,brail,braky,brans,brass,brave,brawl,braxy,braze,bream,brees,breve,bribe,brief,brigs,brine,brins,brisk,brits,brock,brome,brood,broos,broth,brugh,brume,brush,bruts,bubby,bucks,buffi,buffy,buhls,built,bulgy,bulla,bumfs,bumpy,bunco,bungs,bunns,bunya,buran,burds,burgs,burke,burns,burqa,burry,burst,buses,busts,buteo,butte,butut,buyer,byres,bytes,cabby,cable,cacas,caddy,cadge,cadre,caffs,cages,caids,cairn,cakes,calif,calla,calos,camas,cames,campo,canal,caner,canna,canon,canto,caped,caphs,capos,carbo,cared,caret,carks,carns,carol,carps,carse,carve,cases,caste,catch,catty,cauls,caver,cavil,cebid,cedar,cedes,ceili,cella,cells,cense,centu,cerci,ceria,cesta,chads,chain,chalk,chang,chape,chard,charm,chart,chasm,chays,check,cheer,chemo,chest,chews,chias,chico,chief,chile,chimb,china,chins,chirm,chirr,chive,chode,choky,chomp,chord,chott,chuck,chugs,chunk,churr,chyme,cigar,cinch,circa,cisco,cited,civet,civil,clack,clags,clams,clans,claro,clasp,clave,clays,cleat,cleft,clerk,cliff,clime,clink,cloak,clogs,clone,cloot,cloth,clour,clown,clubs,clues,clunk,coact,coaly,coati,cobby,cobra,cocks,cocos,coded,codes,coeds,cohog,coign,coirs,colas,coled,colin,colon,colza,comas,combs,comet,comix,compo,comte,coned,conga,conic,conky,conto,cooed,cooey,cooky,coomb,coopt,copay,coper,copse,cords,cores,corks,corns,corps,coses,cosie,cotan,cotta,cough,coupe,couth,cover,covey,cower,coxae,coxes,coyly,cozes,craal,craft,cramp,crank,crash,crave,craze,cream,creed,creep,crept,crest,crick,cries,cripe,croak,crocs,crony,crops,croup,crows,crude,cruet,cruor,crush,crypt,cubed,cubic,cuffs,cuish,culet,cully,culti,cupel,cuppy,curds,curer,curfs,curio,curns,curse,curvy,cusks,cutch,cutey,cutis,cuvee,cyber,cycle,cylix,cymas,cynic,czars,dadas,daffs,dagos,dairy,dally,dames,dance,danio,darer,darks,dashi,dater,datto,daubs,dauts,dawed,dawns,dazes,deals,dears,death,debar,debug,decaf,decks,decoy,deeds,deeps,defat,defog,deice,deils,deity,dekko,deles,delis,delta,demes,demob,demur,denim,deoxy,derat,derma,desex,detox,devel,dewan,dewed,dhaks,dhole,dhuti,diazo,dices,dicky,dicty,didst,diffs,diked,dikey,dilly,dimly,diner,dingo,dinks,dints,dippy,direr,dirls,disci,dishy,ditas,ditsy,ditzy,dived,divot,dixie,dizzy,doats,dobla,docks,dodos,doeth,dogey,dogie,doing,dolce,doles,dolma,domal,domic,donga,donne,donut,dooms,doozy,doper,dorks,dormy,dorsa,doser,doted,dotty,dough,doums,doven,dowed,dowie,dowry,doyen,dozen,drabs,drags,drake,drank,drave,draws,dream,dreed,dreks,dribs,dries,drily,dript,droit,drool,dropt,drove,drugs,drunk,dryad,duads,ducat,ducks,duddy,duels,dufus,dukes,dully,dumbo,dumky,dumpy,dunch,dungy,duomi,duper,dural,dures,duros,durst,dusky,dutch,dweeb,dwine,dying,dykey,eager,eared,earns,easel,eaten,eaves,ebola,ebook,echos,edema,edges,edile,educt,egers,egged,eider,eikon,elain,elate,elect,elfin,elite,elude,elves,embay,embow,emend,emirs,emmet,empty,enact,ender,enema,ennui,enorm,ensky,entia,envoi,eosin,ephah,ephor,epode,equid,erect,ernes,erred,eruct,ervil,eskar,essay,estop,ethic,etnas,etwee,evade,evert,evils,ewers,exams,exert,exing,exons,expos,exude,eyass,eyras,eyrir,facer,facia,faded,fadge,faery,fairs,faked,fakey,FALSE,fancy,fangs,fanos,farad,farcy,farer,farls,farts,fated,fatso,faugh,fauna,favas,favus,faxed,fazed,fease,feaze,fecks,feeds,feign,felid,felly,femes,fence,feods,feres,fermi,ferry,fetal,feted,fetor,feuds,fewer,fezes,fiats,fices,ficin,fidos,fiend,fifer,fifty,filch,files,fillo,filmi,filos,final,finds,fines,finny,fique,fires,firry,fiscs,fitch,fives,fixes,fjeld,flack,flair,flame,flank,flare,flats,flaxy,fleas,flees,flews,flics,flies,flips,flite,flock,flogs,floor,floss,flout,flubs,fluff,fluky,flung,flush,fluyt,flyte,foamy,foehn,fogie,foins,foley,folio,folly,fonts,foots,foray,force,fores,forks,forms,forts,fossa,found,fovea,foxes,frail,frank,frats,freak,frees,frere,friar,fries,frise,frits,frizz,frogs,front,frost,frows,fruit,fubar,fuddy,fugal,fugle,fujis,fumed,fumet,fungi,funky,furls,furze,fusee,fusil,futon,fuzes,fyces,gabby,gadid,gadjo,gaged,gaily,galah,galea,gally,gamay,gambs,games,gamin,gamps,ganev,ganof,gaper,garbs,garth,gassy,gater,gauds,gault,gaurs,gauzy,gawks,gawsy,gayly,gazer,gears,geeks,geest,gelid,gemmy,genet,genii,genom,gents,geode,germs,geste,getup,ghats,ghees,ghyll,giber,gifts,gigot,gills,gimel,gimpy,ginzo,girds,girns,girsh,gismo,given,gizmo,glads,glams,glare,glaze,glean,glede,gleek,glens,glias,glime,glitz,globe,gloms,glory,glout,gloze,glues,glume,glute,gnarl,gnash,gnaws,goals,gobos,goers,going,golfs,gomer,goner,gonif,goods,goofs,goony,goose,goral,gorge,gorse,gouge,gouty,gowks,goyim,grace,graft,grama,grana,grant,grapy,grate,grays,grebe,green,grego,grids,grift,grime,grins,grips,grist,groan,grogs,groom,grosz,grout,grown,gruel,grume,guaco,guard,gucks,guest,guids,guilt,gulag,gules,gulls,gulpy,gummy,gunny,gurry,gushy,gusts,gutta,guyot,gybes,gyral,gyron,gyved,haars,hacek,haded,hadst,hafis,hahas,haiku,hairs,hajis,hakim,haled,halid,halma,halos,halve,hammy,hands,hanks,hanse,hapax,hards,harem,harls,harpy,harts,hasty,hater,haulm,haute,haves,hawks,hayer,hazed,hazes,heals,heard,heath,heavy,heder,heeds,hefts,heirs,helix,helms,helps,hemes,hemps,henge,hents,herds,herma,heron,hertz,heuch,hewer,hexer,hicks,hides,hijab,hiker,hillo,hilts,hinds,hinny,hippo,hiree,hissy,hived,hoard,hobby,hocus,hogan,hoise,hokes,hokum,holes,holla,holms,homer,homie,honda,hones,hongs,honor,hoody,hooka,hooly,hooty,hopes,horal,horns,horst,hosel,hoses,hosts,hotly,hours,hover,howff,howls,hubby,huffy,hulks,hulls,humid,humps,hunch,hunts,hurly,hurts,hussy,hydra,hying,hymns,hyper,hypos,iambi,icier,icker,ictus,idiom,idler,idyll,igloo,ikats,ileal,iliac,ilium,imago,imbed,imido,imino,impel,inane,inbox,incur,indie,indri,inert,infos,ingot,inker,inlet,input,inter,inure,iodic,ionic,irate,irked,irons,isled,issei,itchy,ivied,ixias,izars,jacks,jades,jaggy,jakes,jambe,janes,japan,japes,jauks,javas,jazzy,jeeps,jehad,jells,jenny,jerky,jests,jetty,jibed,jiffs,jihad,jimmy,jinks,jisms,jives,jocko,johns,joist,jokes,jolly,jomon,jorum,joual,joust,jowls,jubas,judas,jugal,juicy,jukes,jumbo,junco,junta,jupon,jurel,jutes,kabar,kafir,kaifs,kakas,kales,kames,kanes,kaons,kapok,karat,karoo,kasha,kaury,kayos,kebab,kecks,keeks,keeps,kefir,kelim,kelpy,kempt,kendo,kepis,kerne,ketch,kevil,khadi,khans,kheda,khoum,kibbi,kibla,kiddo,kiers,kills,kilts,kinds,kinin,kinos,kirns,kited,kithe,kivas,kliks,kluge,knaps,knave,kneed,knell,knish,knock,knosp,known,knurs,kobos,koine,kolos,kooks,kophs,korai,korma,kotow,krait,krewe,krone,kudos,kufis,kulak,kurus,kvell,kyars,kyrie,laari,labor,lacer,lacks,lader,laevo,lahar,laigh,laith,laker,lalls,lamby,lames,lanai,lanes,lapin,larch,laree,largo,larky,lased,lassi,latch,later,lathi,latke,lauds,lavas,laves,lawny,laxly,layin,lazed,leads,leafy,leans,leapt,leary,least,leben,leech,leery,lefty,leges,lehrs,lemma,lends,lenos,leone,lesbo,lethe,levee,levin,lexes,liana,liard,liber,lichi,licks,liege,lieus,lifts,light,liker,lilos,limas,limbo,limed,limey,limos,linac,linen,liney,lings,links,linos,linum,lipid,liras,lisps,litas,litho,liven,livid,llano,loafs,loans,lobby,lobos,locks,locus,lodge,lofty,loggy,login,logos,lolls,longe,looed,loofs,looms,loops,loots,lopes,loran,loris,loser,lotah,lotos,lotus,louis,loups,louse,lovat,loves,lowes,loxed,luaus,luces,lucky,ludic,luged,lulls,lumen,lunar,lunes,lungi,lunts,lurch,lures,lurks,lusus,lutes,lyard,lycea,lying,lyres,lyses,lyssa,maars,maced,mache,macks,macro,madre,mages,magot,maids,mails,mairs,major,makes,males,malms,malty,mambo,mamma,manat,manga,mangy,manly,manos,manus,maras,mares,marka,marly,marsh,masas,masks,masse,match,mates,matin,matza,mauls,mauve,mavin,maxed,maxis,maybe,mayos,mazer,meads,means,meats,medal,medii,meiny,melic,melts,memos,mensa,menta,meows,mercy,meres,merks,merry,mesic,messy,meter,metis,metro,mezes,miaow,micas,micra,midge,miens,miggs,mikes,milds,milia,mille,milpa,mimed,mimes,minas,minds,mines,minis,minny,minty,mires,mirin,mirth,miser,missy,miter,mitre,mixer,mizen,mocha,model,modus,mohel,moira,mojos,molar,moldy,molly,momes,momus,monde,mongo,monos,mooch,mooed,moons,moory,moped,mopey,moras,mores,morph,morts,mosso,mosts,motet,mothy,motte,mouch,moult,mourn,mouth,moves,mower,mozos,mucin,mucor,muddy,mufti,muhly,mulct,muley,multi,mumps,mungo,mural,mures,murks,murre,musca,muses,musks,musth,mutch,mutes,muzzy,mynas,myope,mysid,naans,nabob,nadas,naffs,naifs,nairu,nakfa,named,nanas,nanny,nappa,narco,nares,narks,nasty,nates,navar,navvy,nears,necks,needy,negus,neist,nenes,nerdy,nertz,nests,netts,neume,neves,newer,newsy,ngwee,niche,nidal,nidus,nifty,nihil,nines,ninon,nippy,niter,niton,nitty,nixes,nobby,nocks,nodes,noggs,noily,noisy,nomas,nomoi,nonce,nonyl,noons,noria,north,nosey,noted,notum,novas,nowts,nucha,nudge,nuked,numbs,nurls,nutty,nymph,oared,oasts,oaths,obeli,obias,oboes,obols,ocher,ocker,octal,octyl,odder,odeum,odors,odyls,offed,ofter,ogham,ogler,ohias,oidia,oinks,okehs,older,olein,olios,ology,ombre,omers,onery,onlay,oohed,ootid,opahs,opera,opium,optic,orang,orbit,order,organ,oriel,orlop,orpin,orzos,osmol,other,ottos,ouphe,ousel,outdo,outgo,ouzos,ovate,overt,ovoli,owing,owner,oxeye,oxime,oxter,pacas,paces,packs,padis,padri,pagan,pages,pails,pairs,palea,pales,pally,palpi,pampa,paned,panga,panne,pants,papas,pappi,paras,pards,pareo,pareu,paris,parle,parry,party,paseo,passe,pasts,pated,pates,patio,patty,paved,pavid,pawed,pawls,payed,payor,peage,peaky,pearl,pease,peavy,pecks,pedes,peels,peers,peins,pekes,peles,pelts,pends,penis,penni,peony,peppy,perdy,peril,perky,perry,pesky,pests,peter,petto,pewit,phial,phono,photo,phuts,piano,pical,picky,piece,piety,piing,piker,pilaf,pilaw,pilei,pills,pimas,pinch,piney,pinko,pinna,pinot,pints,pious,piper,pipit,pirog,piste,piths,pitta,pixes,place,plaid,plane,plant,plate,playa,plead,plebe,pleon,plied,plink,plops,plows,plugs,plump,plunk,poach,pocky,poems,pogey,point,poker,polar,poles,polka,polyp,pommy,ponce,pongs,pooed,poohs,poops,poove,poppy,pored,porks,porns,posed,posit,potsy,pouch,poult,pouts,poxed,praam,prang,prase,praus,preed,preop,prese,prexy,prick,pried,prigs,prime,primp,print,prise,privy,probe,profs,promo,prong,prose,prost,prove,proxy,pruta,pseud,psoai,pubes,puces,pudge,puffs,pujah,pukes,puler,pulis,pulpy,pumps,pungs,punks,punto,pupae,pupil,purda,purge,purls,pursy,pushy,putti,putty,pylon,pyres,pyros,pyxis,qanat,quads,quail,quaky,quant,quart,quass,qubit,queer,query,queys,quiet,quilt,quips,quirk,quits,quoit,quote,rabat,rabid,races,radar,radix,rafts,ragee,raggy,raids,rainy,rajah,raked,rakes,rales,ramal,ramet,ramps,ranch,ranee,ranid,rants,rapes,rared,rased,rasps,ratan,ratel,rathe,ratty,raven,ravin,rawly,rayah,rayon,razer,reach,reads,reals,rearm,reave,rebec,rebop,rebuy,recit,recta,recur,redds,redia,redly,redox,redux,reedy,reeks,reest,refel,refix,regal,regna,reifs,reink,rejig,relay,relit,remet,remix,renew,rente,repay,repin,repot,reran,resat,resee,resid,resod,retag,retem,retro,revel,rewan,rewet,rexes,rheum,rhumb,rials,ribby,ricer,ricks,ridge,rifer,rifts,rigor,riley,rimed,rinds,rinks,riots,riper,riser,risks,rites,rived,rives,roach,roans,robed,roble,rocky,roger,roily,rolls,romps,roofs,rooms,roost,roped,ropey,roses,rosin,rotes,rotor,rouen,rough,roupy,route,roved,roves,rowed,rower,ruana,rubes,ruche,ruddy,ruffe,rugal,ruins,rules,rummy,runes,runny,rupee,rushy,rusty,rutty,rynds,sabed,sabin,sabot,sacks,sadhe,sadly,sagas,saggy,sahib,saiga,saint,saker,salad,sales,salmi,salpa,salts,salvo,samek,sandy,sanes,santo,sappy,saree,sarin,sarky,sasin,sated,satin,sauce,saugh,sauna,saved,savin,savvy,saxes,sayid,scads,scale,scaly,scans,scare,scars,scats,scaur,scene,schmo,scion,scone,scope,scorn,scout,scrag,scree,scrip,scrum,scudo,sculk,scums,scuta,scuzz,seamy,sebum,sedan,sedgy,seedy,seely,seepy,segno,seifs,seism,selfs,selva,semis,senna,sense,sepal,sepoy,serac,sered,serfs,serin,serum,setae,setts,sever,sewed,sexes,shack,shady,shahs,shaky,shalt,shams,shard,sharn,shave,shawn,sheaf,sheas,sheep,sheik,shend,sherd,shied,shies,shily,shins,shire,shirt,shiva,shlep,shoat,shoer,shogs,shook,shoos,shore,short,shott,shown,shoyu,shris,shtik,shuls,shush,shwas,sials,sices,sided,sidle,sieve,sight,sigma,sikas,silds,silky,silos,silva,simps,sinew,sinhs,siped,siree,sirra,sises,sited,situs,sixmo,sixty,sizer,skald,skats,skeen,skegs,skelm,skeps,skied,skiey,skimo,skink,skips,skirt,skive,skosh,skull,skyey,slags,slams,slant,slate,slave,sleds,sleet,slice,slier,slims,slink,slipt,sloes,slojd,slops,slots,slubs,sluff,slums,slurb,slush,slype,smalt,smash,smeek,smerk,smirk,smock,smoky,smush,snafu,snake,snare,snarl,snaws,sneck,snell,snide,snips,snogs,snool,snore,snout,snubs,snugs,soaps,soave,socas,socle,sodic,sofas,softy,sojas,solan,soldo,soles,solos,solve,sonar,songs,sonny,sooks,sooty,sopor,sorbs,sorel,sorgo,sorta,soths,souks,soups,souse,sowed,soyuz,spacy,spaed,spail,spale,spang,spare,spasm,spawn,speak,speck,speel,speir,spend,spews,spicy,spier,spike,spile,spine,spire,spite,spivs,split,spoke,spool,spore,spout,spray,sprit,spuds,spume,spurn,sputa,squat,squib,stack,stage,staid,stair,stalk,stand,stank,stark,stash,stave,steak,steed,steep,stela,steno,stere,stews,stick,stiff,stilt,sting,stipe,stirs,stoas,stock,stoke,stomp,stood,stoop,stopt,storm,stots,stour,stowp,straw,strew,strip,stroy,stubs,study,stump,stunk,stupa,styed,styli,subah,sucks,sudds,suede,suety,suing,suits,sulfo,sully,summa,sunna,sunup,supra,suras,surfs,surgy,sushi,swabs,swail,swami,swang,swaps,swarf,swash,sways,swede,sweet,swift,swims,swink,swish,swive,swoop,swore,swoun,syces,sylph,syncs,syphs,syrup,taber,tabla,tabor,taces,tachs,tacky,taels,tahrs,tains,takas,takes,talas,tales,talls,taluk,tamed,tamis,tanga,tangy,tansy,taped,tapir,tardy,targe,tarok,tarps,tarsi,tasks,tasty,tates,tauon,tawed,tawny,taxer,taxol,tazza,teaks,tears,teats,tecta,teems,teeth,tegua,telae,telex,tells,telos,temps,tends,tenge,tenor,tents,tepas,tepoy,terga,terns,terse,tests,tetra,teugh,texts,thank,thebe,thegn,theme,therm,theta,thick,thill,think,third,thong,thorp,thraw,thrip,throw,thugs,thump,thuya,thymy,tical,tided,tiffs,tigon,tikka,tiled,tills,timed,timid,tined,tings,tipis,tired,tiros,tithe,titre,toads,today,toffs,tofus,togue,toits,token,tolan,toled,tolus,tombs,tonal,toned,toney,tonic,tools,toots,topee,tophe,topic,topos,toras,tores,toros,torse,torso,torts,toted,totes,tours,towed,towie,toxic,toyer,trace,trade,trail,tramp,tranq,trapt,trave,tread,treen,trend,trews,triad,trice,trier,trigs,trims,trios,trite,trode,troke,trona,trooz,trots,trows,truck,trues,truly,truss,tryma,tsadi,tsuba,tubas,tuber,tufas,tufty,tulle,tumor,tuned,tungs,tupik,turds,turks,tushy,tutor,tutus,twaes,twats,tween,twice,twill,twiny,twist,twyer,tying,tyned,typed,typic,tyred,tythe,udons,ukase,ulcer,ulnae,ulpan,umami,umbos,umiak,unais,unary,unbar,uncap,uncos,uncut,undid,unfit,unhat,union,unity,unled,unman,unmix,unpin,unsay,unsex,unwed,unwon,upbye,upend,upper,urare,urate,ureal,ureic,urges,urped,usage,using,usual,uteri,uveal,vacua,vagus,vakil,valid,value,vampy,vanes,vapor,varix,varve,vasts,vatus,veals,veeps,vegan,veils,velar,velum,vends,venom,venus,verse,verts,vesta,vexed,vexil,vibes,vices,viers,vigas,vigor,villi,vinal,vined,vinos,viols,vireo,virid,virus,vises,vista,vitta,vixen,vocab,vodka,vogie,voids,volar,volta,volts,vomit,votes,vowel,vroom,vuggs,vulgo,wacke,wacky,wader,wafer,waged,wagon,wails,waist,waked,wakes,wales,walls,wames,waned,wanks,wards,warks,warps,washy,waste,watch,waugh,waved,wavey,waxen,wazoo,weans,weave,wecht,wedgy,weeks,weeps,weets,weird,welch,welly,wench,wests,whale,whang,whats,wheat,wheep,whelp,whets,which,whigs,whine,whips,whirr,whisk,whits,whole,whoop,whorl,whoso,wicca,widen,widow,wifed,wifty,wight,wiled,willy,wimpy,winds,wines,wingy,winze,wipes,wires,wiser,wisps,witan,wites,witty,wives,woads,woful,wolfs,womby,wonks,woods,wooer,wooly,woozy,works,wormy,worst,would,wowed,wraps,wreak,wrest,wrier,wrist,wrong,wrung,wurst,wyled,wynns,xebec,xenon,xerus,xylol,xysts,yacks,yagis,yamen,yanks,yards,yauds,yawed,yawns,yeahs,years,yechs,yelks,yenta,yerks,yetts,yield,yince,yirrs,yobbo,yodhs,yogee,yogin,yokel,yolky,yonis,yourn,youth,yowie,yuans,yucch,yugas,yules,yuppy,zaire,zappy,zayin,zebec,zeins,zests,zibet,zincs,zines,zinky,zitis,zloty,zoeas,zonal,zones,zooid,zoons,zoris,zuzim,aalii,abaci,abaka,abash,abbas,abbot,abets,abled,abmho,aboil,abort,abris,abuzz,abyss,aceta,achoo,acing,acmes,acnes,acorn,acrid,actor,adage,added,adeem,adios,admen,adobe,adore,adoze,adust,adzes,aegis,afars,afoam,afoul,again,agars,agaze,agers,aggro,aging,agist,aglet,agmas,agony,agria,ahing,aided,ailed,aioli,airns,aisle,ajiva,akela,alamo,alang,alarm,albas,alder,alefs,alfas,algas,algor,alibi,align,alist,alkie,allay,allod,alloy,almas,almud,aloft,alone,aloud,alter,alula,alway,amass,ambit,ambry,amend,amias,amide,amies,amine,amirs,ammos,amnio,among,amped,ampul,amyls,andro,anent,anger,angry,anils,animi,ankhs,anlas,annex,anoas,anomy,antas,antic,antre,anyon,apart,apers,aphis,apish,aport,apple,apron,apter,aquas,arbor,ardeb,areal,areic,arepa,argil,argon,argus,ariel,arles,armet,aroma,arras,arrow,arson,artsy,arvos,ascot,ashed,aside,askew,aspen,aspis,asses,astir,ataxy,atman,atoms,atony,atrip,audad,auger,aulic,aurae,auras,auric,autos,avant,avers,avian,avoid,awake,awash,awned,axels,axils,axion,axles,axone,ayins,azido,azoic,azote,azure,babas,babka,babus,bacon,badly,bagel,bails,baits,baked,balas,baled,balks,bally,balsa,banda,baned,banjo,banty,barca,bared,barfs,barks,barmy,baron,basal,bases,basin,bassi,baste,bated,baths,batts,bauds,bawdy,bayed,bazoo,beady,beams,beans,beast,beaut,becap,bedew,beedi,beeps,beets,began,begin,begun,being,belga,bells,below,bemix,bendy,benni,bents,berks,berry,beses,besot,betel,betta,bewig,bhang,biali,bible,biddy,bides,bield,biffy,bight,bigot,biker,bilbo,bilge,bills,bimas,bindi,bines,binit,biome,biped,birds,birle,birrs,bises,bitch,bitsy,bizes,blade,blain,bland,blase,blats,blaze,bleat,bleep,bless,blimp,bling,blips,blitz,block,bloke,bloom,blown,blubs,blues,bluff,blurb,blush,boars,boats,bocci,boded,boffs,boggy,bogus,boils,boite,bolas,bolls,bolus,bonds,bones,bongs,bonny,boobs,booed,booms,boors,boots,boozy,borax,bores,borne,borty,bosky,bossy,botch,botts,bound,bouse,bovid,bower,boxed,boyar,bozos,bract,brags,brain,brand,brant,brats,bravi,brawn,brays,bread,brede,brens,brews,brick,brier,brill,bring,briny,briss,britt,broil,bromo,brook,brose,brown,bruin,brung,brusk,bubal,bubus,buddy,buffo,buggy,buhrs,bulbs,bulks,bulls,bumph,bunas,bunds,bunko,bunny,buoys,buras,buret,burin,burls,burnt,burro,bursa,busby,bushy,busty,butes,butts,butyl,bwana,byrls,byway,caber,cabob,cache,cades,cadgy,caeca,caged,cagey,cains,cajon,cakey,calix,calls,calve,camel,camos,camps,candy,canes,canny,canso,cants,caper,capiz,caput,carbs,carer,carex,carle,carny,carom,carrs,carte,casas,casks,casts,cater,cauld,cause,caves,cawed,cecal,ceded,cedis,ceils,celli,celom,cento,ceorl,cered,ceric,cesti,chafe,chair,champ,chant,chaps,chare,charr,chary,chats,cheap,cheek,chefs,chert,cheth,chewy,chica,chics,chiel,chili,chime,chine,chips,chiro,chiru,chivy,choir,chola,chook,chore,chows,chufa,chump,churl,chute,cibol,cilia,cines,cires,cissy,citer,civic,civvy,clade,claim,clang,claps,clary,class,clavi,clean,cleek,clepe,clews,clift,cline,clips,clock,clomb,clonk,clops,clots,clout,cloys,cluck,clump,cnida,coala,coapt,coats,cobia,cocas,cocky,codas,coden,codex,coffs,cohos,coils,coked,colby,coles,colly,color,comae,combe,comer,comfy,comma,comps,conch,cones,conge,conin,conns,conus,cooee,coofs,cools,coons,coots,coped,copes,coral,cored,corgi,corky,cornu,corse,coset,costa,coted,couch,could,coups,coved,coves,covin,cowls,coxal,coyed,coypu,cozey,crabs,crags,crams,crape,crass,crawl,crazy,credo,creek,creme,crepy,crews,cried,crime,crisp,croci,croft,crook,crore,crowd,croze,cruds,crumb,crura,crust,cubby,cuber,cubit,cuifs,cukes,culex,culms,cults,cupid,curbs,curdy,cures,curia,curls,currs,curst,cusec,cusps,cuter,cutie,cutty,cyano,cycad,cyclo,cymae,cymes,cysts,daces,daddy,daffy,dahls,daisy,daman,damns,dandy,darbs,dares,darns,dashy,dates,datum,dauby,daven,dawen,dawts,deads,dealt,deary,deave,debit,debut,decal,decor,decry,deedy,deers,defer,degas,deify,deism,deked,delay,delfs,dells,delts,demic,demon,denar,dense,depot,deray,derms,desks,deuce,devil,dewar,dexes,dhals,dhoti,dials,diced,dicey,dicot,didie,diene,dight,diker,dildo,dimer,dinar,dines,dings,dinky,diode,dipso,dirge,dirts,disco,disks,ditch,ditto,divan,diver,divvy,dixit,djinn,dobby,dobra,dodge,doers,doffs,doggo,dogma,doits,dolci,dolls,dolor,domed,donas,dongs,donor,doody,doomy,dopas,dopes,dorky,dorps,dorty,doses,doter,doubt,doula,doura,doves,dowel,downs,dowse,doyly,dozer,draff,drail,drama,drape,drawl,drays,drear,drees,dress,dried,drift,drink,drive,droll,droop,dross,drown,druid,drupe,dryer,duals,duces,ducky,duded,duets,duits,dulia,dulse,dumbs,dummy,dunam,dunes,dunks,duomo,dupes,duras,durns,durra,durum,dusts,duvet,dwell,dyads,dyked,dynel,eagle,earls,earth,eases,eater,ebbed,ebons,eched,eclat,edged,edict,edits,eerie,egest,egger,eidos,eject,eland,elbow,elegy,elide,eloin,elute,email,embed,emcee,emery,emits,emmys,emyde,enate,endow,enemy,enoki,enows,ensue,entry,envoy,epact,ephas,epics,epoxy,equip,ergot,erode,error,erugo,escar,esker,esses,etape,ethos,etude,etyma,evens,every,evite,exact,excel,exile,exist,expat,extol,exult,eyers,eyres,fable,faces,facts,fader,fados,fails,fairy,faker,fakir,famed,fanes,fanny,fanum,farce,fards,fares,farms,fasts,fates,fatty,fauld,fauns,faves,fawns,faxes,fazes,feast,fecal,fedex,feels,feint,fella,felon,femme,fends,feoff,feria,ferns,fesse,fetas,fetes,fetus,feued,feyer,fezzy,fiber,fiche,ficus,fiefs,fiery,fifes,fight,filed,filet,fills,films,filth,finca,fined,finis,finos,fired,firms,first,fishy,fitly,fixed,fixit,fjord,flags,flake,flams,flans,flash,flaws,flays,fleck,fleet,fleys,flied,fling,flirs,flits,flocs,flong,flops,flota,flown,flued,fluid,flume,flunk,flute,flyby,foals,focal,fogey,fohns,foist,folia,folks,fonds,foods,footy,forbs,fordo,forge,forky,forte,forty,fosse,fount,fowls,foyer,frame,fraps,fraud,freed,fremd,fresh,fried,frigs,frisk,fritt,frock,frond,frore,froth,froze,frump,fubsy,fudge,fuggy,fugue,fulls,fumer,fundi,fungo,funny,furor,furzy,fusel,fussy,fuzed,fuzil,fykes,gable,gadis,gaffe,gager,gains,galas,gales,galop,gamba,gamed,gamey,gamma,gamut,gangs,gaols,gapes,garda,gases,gasts,gates,gaudy,gaums,gauss,gavel,gawky,gayal,gazar,gazes,gecko,geeky,gelds,gelts,gemot,genic,genip,genre,genua,geoid,germy,gests,geums,ghaut,ghost,giant,gibes,gigas,gigue,gilly,gimme,ginks,gipon,girls,giron,girth,gists,giver,glace,glady,gland,glary,glazy,gleba,gleds,glees,gleys,glide,glims,gloam,globs,gloom,gloss,glove,glued,gluey,glums,gluts,gnarr,gnats,gnome,goats,godet,gofer,golds,golly,gonad,gongs,gonof,goody,goofy,goops,goosy,gored,gorms,gorsy,gourd,gowan,gowns,graal,grade,grail,gramp,grand,grape,grasp,grave,graze,greed,grees,greys,grief,grigs,grimy,griot,gript,grith,groat,groin,grope,grots,grove,grows,grues,grump,guano,guars,gudes,guffs,guild,guiro,gular,gulfs,gully,gumbo,gunks,guppy,gursh,gussy,gusty,gutty,gwine,gyoza,gyred,gyros,gyves,habit,hacks,hades,haems,hafiz,haika,hails,hairy,hajji,hakus,haler,hallo,halms,halts,hamal,hamza,handy,hanky,hants,haply,hardy,hares,harms,harry,hasps,hatch,hates,hauls,haven,havoc,hawse,hayey,hazel,heads,heaps,hears,heats,hebes,hedge,heels,hefty,heist,hello,helos,helve,hemic,hempy,henna,herbs,heres,herms,heros,hests,heugh,hexad,hexes,hided,highs,hijra,hikes,hills,hilum,hinge,hints,hippy,hirer,hists,hives,hoars,hobos,hodad,hoggs,hoist,hokey,holds,holey,hollo,holts,homes,homos,honed,honey,honks,hooch,hooey,hooks,hoops,hoped,hoppy,horas,horny,horsy,hosen,hosey,hotch,hound,house,howdy,howfs,hoyas,hucks,huger,hulky,human,humor,humpy,hunks,hurds,hurry,husks,hutch,hydro,hylas,hyoid,hypes,hyrax,iambs,icily,icons,ideal,idiot,idles,idyls,iglus,ikons,ileum,iliad,iller,imams,imbue,imids,immix,impis,inapt,inbye,incus,indol,indue,infer,infra,inion,inkle,inned,inrun,intis,inurn,iodid,iotas,irids,iroko,irony,isles,issue,items,ivies,ixora,jabot,jacky,jager,jagra,jalap,jambs,janky,japed,jarls,jaunt,jawan,jeans,jeers,jehus,jelly,jerid,jerry,jetes,jewel,jiber,jiffy,jills,jimpy,jinni,jived,jivey,jocks,joins,joked,jokey,jolts,jones,jotas,jouks,jowar,jowly,jubes,judge,jugum,jujus,jukus,jumps,junks,junto,jural,juror,jutty,kabob,kagus,kails,kakis,kalif,kamik,kanji,kapas,kappa,karma,karst,katas,kavas,kazoo,kebar,kedge,keels,keets,keirs,kelly,kelts,kenaf,kenos,kerbs,kerns,ketol,kexes,khafs,khaph,kheth,kiang,kibei,kicks,kiddy,kikes,kilns,kilty,kines,kinks,kiosk,kissy,kiter,kiths,kiwis,klong,klutz,knars,knawe,kneel,knelt,knits,knoll,knots,knows,koala,koels,kojis,kombu,kooky,kopje,koras,korun,kraal,kraut,krill,kroon,kudus,kugel,kumys,kusso,kyack,kyats,kytes,label,labra,laces,laded,lades,lagan,laich,laird,laity,lakes,lamas,lamed,lamia,lance,lanky,lapis,lards,lares,laris,larum,laser,lasso,lated,latex,laths,latte,laugh,laved,lawed,laxer,layed,layup,lazes,leady,leaks,leant,learn,lease,leave,ledge,leeks,leets,legal,leggy,lehua,lemon,lenes,lense,leper,leses,letup,level,levis,lexis,liane,liars,libra,licht,lidar,liens,lieve,ligan,liked,likes,lilts,limba,limbs,limen,limit,limpa,lindy,liner,linga,lingy,linky,lints,lions,lipin,lirot,lists,liter,litre,liver,livre,loach,loams,loath,lobed,local,locos,loden,loess,logan,logia,logoi,loids,lolly,longs,looey,looie,loons,loopy,loped,loppy,lords,lorry,loses,lotas,lotte,lough,louma,lours,lousy,loved,lowed,lowly,loxes,lubed,lucid,lucre,luffa,luger,lulus,lumps,lunas,lunet,lungs,lupin,lured,lurex,lusts,lutea,luxes,lyart,lycee,lymph,lyric,lysin,lytic,mabes,macer,macho,macle,madam,mafia,magic,magus,maile,maims,maist,makar,makos,malic,malmy,mamas,mamey,mammy,maned,mange,mania,manna,manse,maple,march,marge,marks,marry,marts,maser,mason,massy,mated,matey,matte,matzo,maund,maven,mavis,maxes,mayan,mayed,mayst,mazes,meals,meant,meaty,media,meeds,melds,mells,melty,menad,mense,menus,merch,merde,merge,merle,mesas,mesne,metal,metes,metol,mewed,mezzo,miasm,miche,micro,midis,miffs,might,mikra,miler,milks,mills,milts,mimeo,mimic,mince,mined,mingy,minke,minor,minus,mirex,mirks,mirza,mises,mists,mites,mitts,mixes,moans,mocks,modem,moggy,mohur,moire,mokes,molas,moles,molto,momma,monad,mondo,monie,monte,moods,moola,moony,moose,moper,morae,moray,morns,morro,mosey,mossy,motel,motey,motif,motto,moues,mound,mouse,moved,movie,moxas,mucho,mucks,mucro,mudra,muggs,mujik,muled,mulla,mumms,mumus,munis,muras,murex,murky,murrs,mused,mushy,musky,musts,muted,muton,mylar,myoid,myopy,myths,nabes,nacho,nadir,naggy,nails,naive,nalas,namer,nance,napas,nappe,narcs,naric,narky,natal,natty,navel,nawab,neath,neddy,neems,neifs,nelly,neons,nerol,nerve,nesty,netty,neums,nevus,newie,newts,nicad,nicks,nided,niece,nighs,nills,ninja,ninth,nisei,nites,nitre,nival,nixie,noble,nodal,nodus,nohow,noirs,nolos,nomen,nomos,nones,nooks,noose,noris,nosed,notal,noter,nouns,novel,nubby,nuder,nudie,nukes,numen,nurse,nyala,oaken,oases,oaten,oaves,obese,obits,obole,occur,ochre,ocrea,octan,oculi,oddly,odist,odour,ofays,offer,ogams,ogive,ogles,ohing,oiled,okapi,okras,oldie,oleos,olive,omasa,omega,omits,onion,onset,oomph,oozed,opals,opine,opsin,orach,orate,orcas,ordos,orgic,orles,ormer,orris,osier,ossia,ottar,ought,ouphs,ousts,outed,outre,ovals,ovens,ovine,ovolo,owlet,owsen,oxide,oxims,oyers,paced,pacey,pacts,padle,paean,paged,pagod,pains,paisa,paled,palet,palms,palps,panda,panel,pangs,pansy,panty,papaw,pappy,parch,pardy,parer,parge,parka,parol,parse,parve,pases,pasta,pasty,paten,paths,patly,pause,paver,pavin,pawer,pawns,payee,peace,peags,peals,pears,peats,pecan,pecky,pedro,peens,peery,peise,pekin,pelfs,penal,penes,penna,penny,pepla,perch,perea,peris,perms,perse,pesos,pesty,petit,petty,phage,phlox,phons,phots,phyla,pians,picas,picot,piers,piggy,pikas,pikes,pilar,pilea,piles,pilot,pimps,pined,pingo,pinks,pinny,pinta,pinup,pipal,pipes,pique,pisco,pitas,pithy,pivot,pixie,plack,plain,plank,plash,plats,plays,pleas,plebs,plews,plier,plods,plots,ploys,plumb,plums,plush,poboy,podgy,poesy,poilu,poise,pokes,poled,polio,polls,polys,pomos,ponds,pooch,poofs,pools,poori,popes,popsy,pores,porky,porny,poser,posse,potto,pouff,pound,pouty,poxes,prahu,prank,prate,prawn,preen,preps,press,preys,pricy,prier,prill,primi,prims,prion,prism,prize,prods,progs,proms,proof,proso,prosy,prowl,prude,pryer,pshaw,psoas,pubic,pucka,pudgy,puffy,pujas,pukka,pules,pulls,pulse,punas,punji,punky,punts,pupal,puppy,puree,purin,purrs,purty,pussy,putto,pygmy,pyoid,pyrex,pyxes,qadis,qophs,quaff,quais,quale,quare,quash,quate,quean,quell,quest,quick,quiff,quins,quipu,quirt,quods,quoll,quoth,rabbi,raced,racks,radii,radon,ragas,rages,ragis,rails,raise,rajas,rakee,rakis,rally,ramee,ramie,ramus,rands,range,ranis,raped,raphe,rarer,raser,raspy,ratch,rater,ratio,raved,raver,rawer,raxed,rayas,razed,razes,react,ready,reams,rears,rebar,rebel,rebus,recap,recks,recti,recut,reded,redid,redon,redry,redye,reefs,reeky,reeve,refer,refly,reges,rehab,reify,reins,rekey,relet,reman,remex,renal,renig,rents,repeg,reply,repps,rerig,resaw,reset,resin,resow,retax,retia,retry,revet,rewax,rewin,rheas,rhino,rhyme,riant,ribes,rices,rider,ridgy,riffs,right,riled,rille,rimer,rindy,rinse,riped,ripes,rises,risky,ritzy,riven,rivet,roads,roars,robes,robot,rodeo,rogue,roles,roman,rondo,rooks,roomy,roots,roper,roque,roset,rotas,rotis,rotos,roues,round,rouse,routh,roven,rowan,rowel,rowth,rubby,ruble,rucks,ruder,ruffs,rugby,ruled,rumba,rumor,rungs,runts,rural,rusks,ruths,ryked,ryots,saber,sabir,sabra,sacra,sadhu,safer,sager,sagos,saice,sails,saith,sakes,salal,salic,salol,salps,salty,samba,samps,saned,sanga,sapid,saran,sarge,saris,sarod,sassy,satem,satis,sauch,sauls,saury,saver,savor,sawed,sayed,sayst,scags,scall,scamp,scant,scarf,scart,scatt,scena,scent,schul,scoff,scoop,scops,scots,scowl,scram,screw,scrod,scuba,scuds,scull,scups,scute,seals,sears,secco,seder,sedum,seeks,seems,seers,segos,seine,seize,selle,semen,sends,senor,sente,sepia,septa,serai,serer,serge,serow,serve,setal,setup,sewan,sewer,sexto,shade,shaft,shake,shale,shaly,shank,share,sharp,shawl,shaws,sheal,sheds,sheer,shelf,shent,shewn,shiel,shift,shims,shiny,shirk,shist,shive,shlub,shock,shoes,shoji,shool,shoot,shorl,shote,shout,shows,shred,shrub,shuck,shuns,shute,shyer,sibbs,sicko,sides,siege,sifts,sigil,signa,siker,silex,sills,silts,simar,since,singe,sinks,sipes,siren,sirup,sissy,sites,siver,sixte,sizar,sizes,skank,skean,skees,skein,skelp,skews,skier,skiff,skimp,skins,skirl,skite,skoal,skuas,skunk,slabs,slain,slang,slaps,slats,slaws,sleek,slept,slick,slily,slimy,slipe,slits,slogs,sloop,slosh,slows,slued,slugs,slung,slurp,slyer,smack,smarm,smaze,smell,smews,smite,smogs,smolt,smuts,snags,snaky,snarf,snash,sneak,sneds,snibs,sniff,snits,snood,snoop,snort,snows,snuck,snyes,soapy,sobas,socko,sodas,sodom,softa,soggy,sokes,solar,soled,solid,solum,soman,sonde,sonic,sonsy,sooth,sophs,soppy,sords,sorer,sorns,sorts,sotol,souls,soupy,south,sower,sozin,spade,spaes,spait,spall,spank,spark,spate,spays,spean,specs,speer,spell,spent,spica,spied,spies,spiks,spill,spins,spirt,spits,splat,spode,spoof,spoon,sport,sprag,spree,sprue,spued,spumy,spurs,squab,squaw,squid,stade,stags,staig,stake,stall,stane,staph,stars,state,stays,steal,steek,steer,stele,stent,stern,stewy,stied,stile,stime,stink,stirk,stoae,stoat,stogy,stole,stone,stook,stope,store,story,stott,stout,stows,stray,stria,strop,strum,stuck,stuff,stums,stuns,stupe,styes,stymy,subas,sucky,sudor,suers,sugar,suint,sulci,sulks,sulus,sumos,sunns,super,surah,surds,surfy,surly,sutra,swage,swain,swamp,swank,sward,swarm,swath,swear,sweep,swell,swigs,swine,swipe,swiss,swobs,swops,sworn,swung,sykes,sylva,synod,syrah,sysop,tabes,table,tabun,tacet,tacit,tacos,taffy,taiga,taint,taken,takin,talcs,talks,tally,talus,tamer,tammy,tango,tanka,tanto,taper,tapis,tared,tarns,taros,tarre,tarts,tasse,tatar,tatty,taupe,tawer,tawse,taxes,taxon,tazze,teals,teary,techs,teddy,teens,teffs,teiid,telco,telia,telly,tempi,tempt,tendu,tenia,tense,tenty,tepee,terai,terms,terra,tesla,testy,tetri,tewed,thack,tharm,theca,thein,thens,these,thews,thief,thine,thins,thirl,thorn,those,three,throb,thrum,thuja,thunk,thyme,tiara,ticks,tides,tiger,tikes,tilak,tiler,tilth,timer,tinct,tines,tinny,tippy,tires,titan,titis,titty,toady,toddy,toffy,togae,toile,tokay,toker,tolar,toles,tolyl,tomes,tondi,toner,tonga,tonne,toons,topaz,toper,tophi,topis,toque,torch,toric,torot,torsi,torta,torus,totem,touch,touse,towel,towns,toxin,toyon,track,tragi,train,trams,trans,trash,trawl,treat,trees,tress,treys,trial,trick,tries,trike,trine,tripe,troak,trogs,troll,trone,trope,trout,troys,trued,trugs,trump,trust,tryst,tsars,tubae,tubby,tubes,tuffs,tules,tumid,tumps,tuner,tunic,tuque,turfs,turns,tusks,tutti,tuxes,twain,tweak,tweet,twier,twine,twirl,twits,tyees,tyiyn,tynes,types,typos,tyres,tzars,uglis,ulama,ulema,ulnar,ultra,umbel,umbra,umiaq,unapt,unaus,unbid,uncia,uncoy,undee,undue,unfix,unhip,unite,unjam,unlet,unmet,unpeg,unrig,unset,untie,unwet,unzip,updos,uplit,upset,urari,urban,ureas,urged,urial,ursae,users,usnea,usurp,utile,uveas,vagal,vails,vales,valor,valve,vanda,vangs,varas,varna,vasal,vasty,vault,vealy,veers,veges,veins,velds,venae,venge,vents,verbs,verso,vertu,vests,vexer,vials,vicar,vichy,views,vigia,viler,vills,vinas,vines,vinyl,viper,vires,virls,visas,visit,vitae,vivas,vizir,vocal,vodou,vogue,voila,voled,volte,volva,voted,vouch,vower,vrouw,vuggy,vulva,wacko,waddy,wades,waffs,wager,wahoo,wains,waits,waken,waled,walks,wally,wamus,wanes,wanly,wared,warms,warts,wasps,wasts,water,wauks,waver,wawls,waxer,weald,wears,webby,wedel,weeds,weens,weepy,wefts,weirs,welds,welsh,wends,wetly,whamo,whaps,whaup,wheel,whelk,whens,whews,whids,while,whins,whipt,whirs,whist,whity,whomp,whops,whort,whump,wicks,wider,width,wifes,wigan,wilco,wiles,wilts,wince,windy,winey,winks,wiped,wired,wirra,wises,wispy,witch,withe,wived,wizen,woald,woken,woman,women,wonky,woody,woofs,woops,words,world,worry,worth,wound,wrack,wrapt,wreck,wrick,wries,write,wrote,wryer,wushu,wyles,wyted,xenia,xeric,xylan,xylyl,yabby,yaffs,yahoo,yamun,yapok,yarer,yauld,yawey,yawps,yeans,yeast,yechy,yells,yente,yeses,yeuks,yikes,yipes,yirth,yocks,yodle,yoghs,yogis,yokes,yomim,yores,yours,yowed,yowls,yucas,yucks,yukky,yummy,yurta,zamia,zarfs,zazen,zebra,zerks,zesty,zilch,zincy,zings,zippy,zizit,zoeae,zombi,zoned,zonks,zooks,zooty,zouks,zymes,aargh,aback,abamp,abate,abbes,abeam,abhor,abler,abode,aboma,about,abuse,abyes,acari,ached,acids,acini,acmic,acock,acred,acted,acute,adapt,adder,adept,adits,admit,adobo,adorn,adult,adyta,aecia,aeons,affix,afoot,afrit,agama,agate,agene,agger,aghas,agios,agita,agley,agone,agora,agues,ahold,aider,aimed,aired,airth,aitch,ajuga,akene,aland,alans,alary,album,aldol,aleph,algae,algid,algum,alien,alike,alive,alkyd,allee,allot,allyl,almeh,almug,aloha,along,alpha,altho,alums,amahs,amaze,amble,ameba,amens,amice,amido,amiga,amino,amiss,amnia,amoks,amort,ample,amuck,ancho,anear,angas,angle,angst,anima,anion,ankle,annal,annoy,anode,ansae,anted,antis,antsy,aorta,apeak,apery,apian,apnea,appal,apply,apses,aptly,araks,arced,ardor,areas,arena,arete,argle,argot,arhat,arils,armed,armor,arose,array,arses,artal,arums,aryls,ascus,ashen,asked,askoi,asper,assai,asset,asyla,atilt,atmas,atomy,atopy,attar,audio,aught,aunts,aural,aurei,auris,auxin,avast,avert,avion,avows,award,awful,awoke,axial,axing,axite,axman,axons,azans,azine,azole,azoth,baaed,babel,baboo,bacca,baddy,baffs,baggy,bairn,baiza,baker,balds,baler,balky,balms,banal,bands,banes,banks,barbe,barde,barer,barge,barky,barns,barre,based,basic,basis,basso,basts,bates,batik,battu,baulk,bawls,bayou,beach,beaks,beamy,beard,beats,beaux,becks,bedim,beefs,beers,befit,begat,begot,beige,belay,belie,belly,belts,bench,benes,benny,beret,berme,berth,beset,bests,beths,bevel,bezel,bhoot,bialy,bicep,bided,bidet,biers,bifid,bigly,bijou,bikes,bilby,bilgy,billy,bimbo,binds,binge,bints,biont,bipod,birdy,birls,birse,bisks,biter,bitts,blabs,blaff,blame,blank,blast,blawn,bleak,blebs,blend,blest,blimy,blini,bliss,bloat,blocs,blond,bloop,blows,blued,bluet,blume,blurs,blype,boart,bobby,boche,bodes,bogan,bogie,bohea,boing,bokeh,bolds,bolos,bombe,boned,boney,bonks,bonus,booby,boogy,boomy,boost,booty,boral,bored,boric,boron,bortz,bosom,bosun,botel,bough,bourg,bousy,bowed,bowls,boxer,boyla,brace,brads,braid,brake,brank,brash,brava,bravo,braws,braza,break,breed,brent,briar,bride,bries,brims,brink,brios,brith,broad,broke,bronc,broom,brosy,brows,bruit,brunt,brute,bubba,bucko,budge,buffs,bugle,build,bulge,bulky,bully,bumps,bunch,bundt,bunks,bunts,buppy,burbs,burgh,burka,burly,burps,burrs,burse,bused,busks,butch,butle,butty,buxom,bylaw,byssi,cabal,cabin,cacao,cacti,cadet,cadis,cafes,cager,cahow,caird,caked,calfs,calks,calms,calyx,cameo,campi,campy,caned,canid,canoe,canst,canty,capes,capon,carat,cards,cares,cargo,carls,carob,carpi,carry,carts,cased,casky,casus,cates,caulk,caved,cavie,cease,cecum,ceder,ceiba,celeb,cello,celts,cents,cepes,ceres,ceros,cetes,chaff,chais,chams,chaos,chapt,chark,chars,chase,chaws,cheat,cheep,chela,chess,chevy,chiao,chick,chide,child,chill,chimp,chino,chirk,chirp,chits,chock,choke,cholo,chops,chose,chubs,chuff,chums,churn,chyle,cider,cimex,cions,cirri,cists,cites,civie,clach,clads,clamp,clank,clapt,clash,clast,claws,clear,clefs,clept,click,climb,cling,clipt,clods,clomp,clons,close,cloud,clove,cloze,clued,clung,coach,coals,coast,cobbs,coble,cocci,cocoa,codec,coder,codon,cogon,coifs,coins,cokes,colds,colic,colog,colts,comal,combo,comes,comic,commy,compt,condo,coney,congo,conks,conte,cooch,cooer,cooks,cooly,coops,copal,copen,copra,corby,corer,coria,corms,corny,cosec,cosey,costs,cotes,coude,count,court,coven,covet,cowed,cowry,coxed,coyer,cozen,cozie,crack,crake,crane,craps,crate,craws,creak,creds,creel,crepe,cress,cribs,crier,crimp,crits,crock,crone,croon,cross,crown,cruck,cruel,crump,cruse,crwth,cubeb,cubes,cuddy,cuing,culch,culls,culpa,cumin,cuppa,curch,cured,curet,curie,curly,curry,curve,cushy,cusso,cutes,cutin,cutup,cyans,cycas,cyder,cymar,cymol,cyton,dacha,dados,dagga,daily,dales,damar,damps,dangs,dared,daric,darts,dated,datos,daube,daunt,davit,dawks,dazed,deair,deans,deash,debag,debts,debye,decay,decos,dedal,deems,deets,defis,degum,deign,deist,dekes,deled,delft,delly,delve,demit,demos,denes,dents,depth,derby,derry,deter,devas,devon,dewax,dexie,dhobi,dhows,diary,dicer,dicks,dicta,didos,diets,digit,dikes,dills,dimes,dined,dinge,dingy,dinos,diols,diram,dirks,dirty,discs,disme,dites,ditty,divas,dives,diwan,dizen,djins,dobie,dobro,dodgy,doest,doges,doggy,doily,dojos,doled,dolly,dolts,domes,donee,donna,donsy,dooly,doors,doped,dopey,dorms,dorrs,dosed,dotal,dotes,douce,douma,douse,dowdy,dower,downy,doxie,dozed,dozes,draft,drain,drams,drats,drawn,dread,dreck,dregs,drest,drier,drill,drips,droid,drone,drops,drouk,drubs,drums,druse,dryly,ducal,duchy,ducts,dudes,duffs,duked,dulls,dumas,dumka,dumps,dunce,dungs,dunts,duped,duple,dured,duroc,durrs,dusks,dusty,dwarf,dwelt,dyers,dykes,dynes,eagre,early,eased,easts,eaved,ebbet,ebony,eches,ecrus,edger,edify,educe,egads,eggar,egret,eight,eking,elans,elder,elemi,elint,elope,elver,embar,ember,emeer,emeus,emmer,emote,emyds,ended,endue,enjoy,enols,enrol,enter,enure,enzym,epees,ephod,epoch,equal,erase,erica,erose,erses,erupt,escot,esnes,ester,ether,ethyl,etuis,euros,event,evict,evoke,exalt,execs,exine,exits,expel,extra,exurb,eying,eyrie,faced,facet,faddy,fades,faena,faint,faith,fakes,falls,fames,fanga,fanon,faqir,farci,fared,farle,faros,fatal,fatly,fatwa,fault,fauve,favor,fawny,fayed,fears,feats,feces,feebs,feeze,feist,fells,felts,femur,fenny,feral,ferly,ferny,fests,fetch,fetid,feuar,fever,feyly,fiars,fibre,fichu,fidge,field,fifed,fifth,filar,filer,fille,filly,filmy,filum,finch,finer,finks,fiord,firer,firns,firth,fists,fiver,fixer,fizzy,flabs,flail,flaky,flamy,flaps,flask,flawy,fleam,fleer,flesh,flick,flier,flint,flirt,float,floes,flood,flora,flour,flows,flues,fluke,flump,fluor,fluty,flyer,foams,focus,foggy,foils,folds,folic,folky,fondu,fools,foram,forby,fords,forgo,forme,forth,forum,fouls,fours,foxed,frags,franc,frass,frays,freer,frena,frets,frier,frill,frith,fritz,froes,frons,frosh,frown,frugs,fryer,fucus,fuels,fugio,fugus,fully,fumes,funds,funks,furan,furry,fused,fuses,fusty,fuzee,fuzzy,fytte,gaddi,gadje,gaffs,gages,gaits,galax,galls,gamas,gambe,gamer,gamic,gammy,ganef,ganja,gaped,gappy,garni,gasps,gated,gator,gauge,gaunt,gauze,gavot,gawps,gayer,gazed,gazoo,gecks,geese,gelee,gemma,genes,genie,genoa,genro,genus,gerah,gesso,getas,ghast,ghazi,ghoul,gibed,giddy,gighe,gilds,gilts,gimps,ginny,gipsy,girly,giros,girts,gites,gives,glade,glair,glans,glass,gleam,glebe,gleed,gleet,glial,gliff,glint,gloat,glogg,glops,glost,glows,gluer,glugs,gluon,glyph,gnars,gnawn,goads,goban,godly,gogos,golem,gombo,gonef,gonia,gonzo,gooey,goons,goopy,gopik,gores,gorps,goths,gouts,gowds,goxes,grabs,grads,grain,grams,grans,graph,grass,gravy,great,greek,greet,gride,griff,grill,grind,gripe,gripy,grits,grody,groks,gross,group,growl,grubs,gruff,grunt,guans,guava,guess,guide,guile,guise,gulch,gulfy,gulps,gumma,gunky,gurge,gurus,gusto,gutsy,guyed,gybed,gypsy,gyres,gyrus,haafs,habus,hadal,hadji,haets,hafts,haiks,haint,hajes,hakes,halal,hales,halls,halon,halva,hames,hance,hangs,hansa,haole,happy,hared,harks,harps,harsh,haste,hated,haugh,haunt,haver,hawed,hayed,hazan,hazer,heady,heapy,heart,heave,hecks,hedgy,heeze,heigh,helio,hells,helot,hemal,hemin,hence,henry,herby,herls,herns,herry,heths,hewed,hexed,hexyl,hider,hight,hiked,hilar,hilly,hilus,hinky,hiply,hired,hires,hitch,hoagy,hoary,hocks,hoers,hoick,hoked,hokku,holed,holks,holly,homed,homey,honan,honer,hongi,honky,hoods,hoofs,hooky,hoots,hoper,horah,horde,horse,hosed,hoser,hosta,hotel,houri,hovel,howes,howks,hoyle,huffs,hulas,hullo,humic,humph,humus,hunky,hurls,hurst,husky,huzza,hyena,hymen,hyped,hypha,hyson,ichor,icing,ictic,ideas,idled,idols,igged,ihram,ileac,ileus,ilial,image,imaum,imide,imine,imped,imply,inarm,incog,index,indow,inept,infix,ingle,inked,inlay,inner,inset,intro,invar,iodin,irade,iring,irone,isbas,islet,istle,ither,ivory,ixtle,jacal,jaded,jaggs,jails,jalop,jammy,janty,japer,jatos,jaups,jawed,jebel,jefes,jello,jemmy,jerks,jesse,jeton,jibbs,jibes,jiggy,jilts,jingo,jinns,jiver,jnana,joeys,joint,joker,joles,jolty,joram,jotty,joule,jowed,joyed,jucos,judos,juice,juked,julep,jumpy,junky,jupes,jurat,justs,kabab,kadis,kaiak,kains,kalam,kalpa,kanas,kanzu,kaphs,kaput,karns,karts,kauri,kayak,kbars,kebob,keefs,keens,keeve,kelep,kelps,kemps,kench,kente,kerfs,kerry,kevel,keyed,khaki,khats,khets,kibbe,kibes,kicky,kiefs,kilim,kilos,kinas,kings,kinky,kirks,kists,kites,kitty,klick,kloof,knack,knaur,knead,knees,knife,knobs,knops,knout,knurl,koans,kohls,kolas,konks,kopek,koppa,korat,kotos,kraft,kreep,krona,krubi,kudzu,kukri,kurta,kvass,kyaks,kylix,kythe,labia,laced,lacey,laden,ladle,lager,laics,lairs,laked,lakhs,lambs,lamer,lamps,lands,lapel,lapse,lardy,large,larks,larva,lases,lasts,laten,lathe,lathy,lauan,laura,laver,lawns,laxes,layer,lazar,leach,leafs,leaky,leaps,lears,leash,leavy,ledgy,leers,lefts,leger,legit,leman,lemur,lenis,lento,lepta,letch,leuds,lever,lewis,lezes,liang,libel,libri,licit,lidos,liers,lifer,liger,liken,lilac,liman,limbi,limby,limes,limns,limps,lined,lines,lingo,linin,linns,linty,lipas,lippy,lisle,litai,lithe,lived,lives,llama,loads,loamy,lobar,lobes,lochs,locum,lodes,lofts,loges,logic,logon,loins,loner,looby,loofa,looks,loony,loose,loper,loral,lores,losel,lossy,lotic,lotto,louie,loupe,loury,louts,lover,lower,lowse,loyal,lubes,lucks,ludes,luffs,luges,lumas,lumpy,lunch,lunge,lunks,lupus,lurer,lurid,lusty,luted,lweis,lyase,lycra,lynch,lysed,lysis,lytta,macaw,maces,machs,macon,madly,mafic,magma,mahoe,maill,mains,maize,maker,malar,malls,malts,mamba,mamie,manas,manes,mango,manic,manor,manta,maqui,marcs,maria,marls,marse,marvy,mashy,massa,masts,mater,maths,matts,mauds,mauts,mavie,mawed,maxim,mayas,mayor,mazed,mbira,mealy,meany,mecca,medic,meets,melee,melon,memes,mends,mensh,meous,mercs,merer,merit,merls,meshy,meson,meted,meths,metre,mewls,miaou,miaul,micks,middy,midst,miffy,miked,milch,miles,milky,milos,milty,mimer,minae,mincy,miner,minim,minks,mints,mired,mirid,mirky,misdo,misos,misty,mitis,mixed,mixup,moats,modal,modes,mogul,moils,moist,molal,molds,molls,molts,mommy,monas,money,monks,month,moody,mools,moors,moots,mopes,moral,morel,moron,morse,mosks,moste,motes,moths,motor,motts,mould,mount,mousy,mover,mowed,moxie,mucid,mucky,mucus,muffs,muggy,mulch,mules,mulls,mummy,munch,muons,mured,murid,murra,murry,muser,music,mussy,musty,muter,mutts,mynah,myoma,myrrh,mythy,nabis,nacre,naevi,naiad,naira,naked,naled,names,nancy,napes,nappy,nards,naris,nasal,natch,naval,naves,neaps,neats,needs,neeps,neigh,nemas,nerds,nerts,nervy,netop,neuks,never,newel,newly,nexus,nicer,nicol,nides,nieve,night,nimbi,ninny,nipas,nisus,nitid,nitro,nixed,nizam,nobly,noddy,noels,noils,noise,nomad,nomes,nonas,nonet,nooky,nopal,norms,noses,notch,notes,novae,noway,nubia,nudes,nudzh,nulls,nurds,nutsy,nylon,oakum,oasis,oater,obeah,obeys,objet,oboli,ocean,ochry,octad,octet,odahs,odeon,odium,odyle,offal,often,ogees,ogled,ogres,ohmic,oiler,okays,olden,oleic,oleum,ollas,omber,omens,oncet,onium,ontic,oorie,oozes,opens,oping,opted,orals,orbed,orcin,oread,oribi,orlon,ornis,ortho,osmic,ostia,otter,ounce,ourie,outby,outer,ouzel,ovary,overs,ovoid,ovule,owned,oxbow,oxids,oxlip,ozone,pacer,pacha,paddy,padre,paeon,pager,paiks,paint,paise,paler,palls,palmy,palsy,pandy,panes,panic,panto,papal,paper,parae,pardi,pared,pares,pargo,parks,parrs,parts,parvo,pasha,paste,patch,pater,patin,patsy,pavan,paves,pavis,pawky,paxes,payer,peach,peaks,peans,peart,peaty,pechs,pedal,peeks,peeps,peeve,pekan,pekoe,pelon,pence,pengo,penne,peons,pepos,perdu,peres,perks,perps,pervs,pesto,petal,petti,pewee,phase,phone,phony,phpht,phyle,pibal,picks,picul,pieta,pigmy,piked,pikis,pilau,piled,pilis,pilus,pinas,pines,pings,pinky,pinon,pinto,pions,piped,pipet,pirns,pisos,pitch,piton,pixel,pizza,plage,plait,plans,plasm,platy,plaza,pleat,plena,plica,plies,plonk,plotz,pluck,plume,plumy,plyer,pocks,podia,poets,poind,poked,pokey,poler,polis,polos,pomes,pomps,pones,poods,poofy,poons,poots,poppa,porch,porgy,porno,ports,poses,posts,potty,poufs,pours,power,poyou,prams,praos,prats,prays,prees,presa,prest,price,pride,pries,prima,primo,prink,prior,priss,proas,proem,prole,prone,props,pross,proud,prows,prune,psalm,psoae,psych,pubis,pucks,pudic,puggy,puked,puled,pulik,pulps,pumas,punch,punka,punny,punty,pupas,pupus,purer,puris,purse,puses,puton,putts,pyins,pyran,pyric,pyxie,qaids,quack,quags,quake,qualm,quark,quasi,quays,queen,quern,queue,quids,quill,quint,quire,quite,quoin,quota,qursh,rabic,racer,racon,radio,raffs,raged,raggs,raias,rains,raita,rajes,raker,rakus,ralph,ramen,rammy,rance,randy,rangy,ranks,raper,rapid,rares,rases,ratal,rated,rates,ratos,ravel,raves,rawin,raxes,rayed,razee,razor,readd,realm,reaps,reata,rebbe,rebid,rebut,recce,recon,recto,redan,redes,redip,redos,redub,reeds,reefy,reels,refed,refit,refry,regma,rehem,reign,reive,relax,relic,remap,remit,rends,renin,reoil,repel,repos,repro,rerun,resay,resew,resit,rests,retch,retie,reuse,revue,rewed,rewon,rheme,rhomb,rhyta,riata,riced,ricin,rides,riels,rifle,rigid,riles,rills,rimes,rings,rioja,ripen,risen,rishi,risus,rival,river,riyal,roams,roast,robin,rocks,rodes,roils,rolfs,romeo,roods,rooky,roose,rooty,ropes,rosed,roshi,rotch,rotls,rotte,rouge,roups,roust,routs,rover,rowdy,rowen,royal,rubel,rubus,rudds,ruers,rugae,ruing,ruler,rumen,rumps,runic,runty,ruses,rusts,rutin,rykes,sabal,sabes,sable,sabre,sades,sadis,safes,sages,sagum,saids,sains,sajou,sakis,salep,sally,salon,salsa,salve,sambo,sands,saner,sangh,sapor,sards,sargo,sarks,saros,satay,sates,satyr,saucy,sault,saute,saves,savoy,sawer,sayer,scabs,scald,scalp,scams,scape,scarp,scary,scaup,scend,schav,schwa,scold,scoot,score,scour,scows,scrap,scrim,scrub,scudi,scuff,sculp,scurf,scuts,seams,seats,sects,sedge,seeds,seels,seeps,segni,segue,seise,selah,sells,semes,sengi,sensa,senti,sepic,septs,seral,seres,serif,serry,servo,seton,seven,sewar,sexed,sexts,shads,shags,shako,shall,shame,shape,shark,shaul,shawm,shays,shear,sheen,sheet,shell,sheol,shews,shier,shill,shine,ships,shirr,shits,shivs,shoal,shoed,shogi,shone,shoon,shops,shorn,shots,shove,showy,shrew,shrug,shuln,shunt,shuts,shyly,sibyl,sicks,sidhe,sieur,sighs,sigla,signs,sikes,silks,silly,silty,simas,sines,sings,sinus,sired,sires,sisal,sitar,situp,sixes,sixth,sized,skags,skate,skeed,skeet,skell,skene,skids,skies,skill,skims,skint,skirr,skits,skort,skulk,skyed,slack,slake,slank,slash,slaty,slays,sleep,slews,slide,slime,sling,slips,slobs,sloid,slope,sloth,sloyd,slues,slump,slunk,slurs,slyly,small,smart,smear,smelt,smile,smith,smoke,smote,snack,snail,snaps,snark,snath,sneap,sneer,snick,snipe,snobs,snook,snoot,snots,snowy,snuff,soaks,soars,sober,socks,soddy,sofar,softs,soils,sokol,soldi,solei,solon,solus,somas,sones,sonly,sooey,soots,sophy,soras,sored,sores,sorry,sorus,sough,sound,sours,sowar,soyas,space,spado,spahi,spake,spams,spans,spars,spats,spazz,spear,speed,speil,spelt,sperm,spice,spiel,spiff,spiky,spilt,spiny,spiry,spitz,splay,spoil,spook,spoor,spots,sprat,sprig,sprug,spues,spunk,spurt,squad,squeg,stabs,staff,stagy,stain,stale,stamp,stang,stare,start,stats,stead,steam,steel,stein,stems,steps,stets,stich,sties,still,stimy,stint,stirp,stoai,stobs,stoic,stoma,stony,stool,stops,stork,stoss,stoup,stove,strap,strep,strid,strow,strut,studs,stull,stung,stunt,sturt,style,suave,suber,sucre,sudsy,suets,sughs,suite,sulfa,sulky,sumac,sumps,sunny,supes,sural,surer,surge,surra,sutta,swags,swale,swamy,swans,sware,swart,swats,sweat,sweer,swept,swill,swing,swirl,swith,swoon,sword,swots,sycee,sylis,synch,synth,syren,tabby,tabid,taboo,tabus,tache,tacks,tacts,tafia,tails,tajes,taker,talar,taler,talky,talon,tamal,tames,tamps,tangs,tanks,tapas,tapes,tardo,tares,taroc,tarot,tarry,tarty,taste,tater,taunt,tauts,tawie,taxed,taxis,taxus,teach,teams,tease,techy,teels,teeny,teggs,teind,teles,telic,teloi,tempo,tench,tenet,tenon,tenth,tepal,tepid,terce,terne,terry,testa,teths,teuch,texas,thane,thaws,theft,their,there,thesp,thewy,thigh,thing,thiol,thole,thoro,thous,threw,throe,thuds,thumb,thurl,thymi,tibia,tidal,tiers,tight,tikis,tilde,tiles,tilts,times,tinea,tinge,tints,tipsy,tirls,titer,title,tizzy,toast,toeas,tofts,togas,toils,toked,tokes,tolas,tolls,toman,tommy,tondo,tones,tongs,tonus,tooth,toped,topes,tophs,topoi,torah,torcs,torii,torrs,torsk,torte,total,toter,tough,touts,tower,towny,toyed,toyos,tract,traik,trait,trank,traps,trass,trays,treed,treks,trets,triac,tribe,tried,trigo,trill,triol,trips,trock,trois,tromp,troop,troth,trove,truce,truer,trull,trunk,truth,tsade,tsked,tubal,tubed,tucks,tufts,tulip,tummy,tunas,tunes,tunny,turbo,turfy,turps,tutee,tutty,tuyer,twang,tweed,twerp,twigs,twins,twirp,twixt,tyers,tykes,typal,typey,typps,tyros,udder,uhlan,ulans,ulnad,ulnas,ulvas,umber,umiac,umped,unarm,unban,unbox,uncle,uncus,under,unfed,ungot,unify,units,unlay,unlit,unmew,unpen,unrip,unsew,until,unwit,upbow,updry,upped,uraei,urase,urbia,uredo,urger,urine,ursid,usher,usque,usury,utter,uvula,vague,vairs,valet,valse,vamps,vaned,vapid,varia,varus,vases,vatic,vaunt,veena,veery,vegie,veiny,veldt,venal,venin,venue,verge,verst,verve,vetch,vexes,viand,viced,video,viewy,vigil,villa,vimen,vinca,vinic,viola,viral,virga,virtu,vised,visor,vital,vivid,vizor,voces,vodun,voice,voile,voles,volti,vomer,voter,vowed,voxel,vrows,vughs,vying,wacks,waded,wadis,wafts,wages,waifs,wairs,waive,waker,waler,walla,waltz,wands,waney,wants,wares,warns,warty,waspy,watap,watts,wauls,waves,waxed,waxes,weals,weary,weber,wedge,weedy,weeny,weest,weigh,wekas,wells,welts,wenny,whack,whams,wharf,wheal,wheen,whelm,where,wheys,whiff,whims,whiny,whirl,whish,white,whizz,whoof,whore,whose,whups,widdy,wides,wield,wifey,wiggy,wilds,wills,wimps,winch,wined,wings,winos,wiper,wirer,wised,wisha,wists,wited,withy,wiver,wizes,wodge,wolds,wombs,womyn,wonts,wooed,wools,woosh,wordy,worms,worse,worts,woven,wrang,wrath,wrens,wried,wring,writs,wroth,wryly,wussy,wynds,wytes,xenic,xerox,xylem,xysti,yacht,yager,yaird,yangs,yapon,yarns,yaups,yawls,yclad,yearn,yecch,yeggs,yelps,yerba,yetis,yeuky,yills,yirds,ylems,yodel,yogas,yogic,yoked,yolks,yonic,young,youse,yowes,yoyos,yucca,yucky,yulan,yupon,yurts,zanza,zaxes,zeals,zebus,zeros,zetas,zills,zineb,zingy,ziram,zlote,zoeal,zonae,zoner,zooey,zooms,zoril,zowie